V Kohli,7263
S Dhawan,6617
DA Warner,6397
RG Sharma,6211
SK Raina,5528
AB de Villiers,5162
MS Dhoni,5082
CH Gayle,4965
RV Uthappa,4952
KD Karthik,4516
AM Rahane,4400
AT Rayudu,4348
G Gambhir,4217
KL Rahul,4163
F du Plessis,4133
SV Samson,3888
SR Watson,3874
MK Pandey,3808
KA Pollard,3412
SA Yadav,3249
JC Buttler,3223
YK Pathan,3204
Q de Kock,2907
BB McCullum,2880
PA Patel,2848
RR Pant,2838
WP Saha,2798
Shubman Gill,2790
SS Iyer,2776
Yuvraj Singh,2750
V Sehwag,2728
GJ Maxwell,2719
DA Miller,2714
RA Jadeja,2692
M Vijay,2619
MA Agarwal,2597
N Rana,2594
SPD Smith,2485
SE Marsh,2477
JH Kallis,2427
DR Smith,2385
SR Tendulkar,2334
Ishan Kishan,2324
HH Pandya,2309
AD Russell,2262
R Dravid,2174
KS Williamson,2101
AJ Finch,2091
RA Tripathi,2071
AC Gilchrist,2069
JP Duminy,2029
MEK Hussey,1977
DPMD Jayawardene,1802
RD Gaikwad,1797
Mandeep Singh,1706
MK Tiwary,1695
PP Shaw,1694
KC Sangakkara,1687
DJ Bravo,1560
NV Ojha,1554
D Padikkal,1521
KH Pandya,1514
KK Nair,1496
SS Tiwary,1494
MP Stoinis,1478
S Badrinath,1441
AR Patel,1418
EJG Morgan,1405
BJ Hodge,1400
SC Ganguly,1349
CA Lynn,1329
DJ Hussey,1322
DJ Hooda,1320
JM Bairstow,1291
N Pooran,1270
KM Jadhav,1208
YBK Jaiswal,1172
TM Dilshan,1153
IK Pathan,1139
SO Hetmyer,1130
ML Hayden,1107
S Dube,1106
M Vohra,1083
LMP Simmons,1079
SP Narine,1046
MM Ali,1034
V Shankar,1032
LRPL Taylor,1017
KP Pietersen,1001
MC Henriques,1000
Y Venugopal Rao,985
A Symonds,974
JA Morkel,974
VR Iyer,956
CL White,954
BA Stokes,935
DP Conway,924
Abhishek Sharma,893
HH Gibbs,886
STR Binny,880
Harbhajan Singh,833
LS Livingstone,828
R Tewatia,825
MS Bisla,798
Shakib Al Hasan,793
AK Markram,775
ST Jayasuriya,768
NT Tilak Varma,740
GC Smith,739
RK Singh,725
AD Mathews,724
R Ashwin,714
TL Suman,676
AM Nayar,672
GJ Bailey,663
E Lewis,654
CH Morris,618
JJ Roy,614
SM Curran,613
PP Chawla,609
JD Ryder,604
MR Marsh,604
R Parag,600
SN Khan,585
HM Amla,577
JM Sharma,543
CJ Anderson,538
RS Bopara,531
JP Faulkner,527
H Klaasen,514
M Manhas,514
Gurkeerat Singh,511
B Sai Sudharsan,507
OA Shah,506
PC Valthaty,505
SW Billings,503
DT Christian,460
C Green,452
Rashid Khan,443
M Shahrukh Khan,426
SA Asnodkar,423
Prabhsimran Singh,422
NLTC Perera,422
TH David,418
JR Hopes,417
J Botha,409
LR Shukla,405
RM Patidar,404
MK Lomror,402
AL Menaria,401
